[
    {
        "id": "a7c53eb1-4f5e-4eba-9764-ad205d0891f9",
        "equipmentModelId": "a3540227-2f0e-4362-9517-92f41dabbfdf",
        "name": "CA-0001"
    },
    {
        "id": "1c7e9615-cc1c-4d72-8496-190fe5791c8b",
        "equipmentModelId": "a3540227-2f0e-4362-9517-92f41dabbfdf",
        "name": "CA-0002"
    },
    {
        "id": "2b5796cb-21c1-480e-8886-4498ea593a65",
        "equipmentModelId": "a3540227-2f0e-4362-9517-92f41dabbfdf",
        "name": "CA-0003"
    },
    {
        "id": "1d222cdc-01dd-4caa-8934-5351d3995cfb",
        "equipmentModelId": "a3540227-2f0e-4362-9517-92f41dabbfdf",
        "name": "CA-0004"
    },
    {
        "id": "491b983b-950c-4a88-942d-487e99b92540",
        "equipmentModelId": "a4b0c114-acd8-4151-9449-7d12ab9bf40f",
        "name": "HV-1001"
    },
    {
        "id": "39317fcb-79e7-4e7e-83dc-723a9b63633c",
        "equipmentModelId": "a4b0c114-acd8-4151-9449-7d12ab9bf40f",
        "name": "HV-1002"
    },
    {
        "id": "c79ef1de-92f3-4edd-bd55-553056640449",
        "equipmentModelId": "9c3d009e-0d42-4a6e-9036-193e9bca3199",
        "name": "GT-2001"
    },
    {
        "id": "b7aaba00-13f7-44a0-8bf1-bc163afcf9d8",
        "equipmentModelId": "9c3d009e-0d42-4a6e-9036-193e9bca3199",
        "name": "GT-2002"
    },
    {
        "id": "fe2a2e11-bfa6-46b6-990b-fd8175946b7e",
        "equipmentModelId": "9c3d009e-0d42-4a6e-9036-193e9bca3199",
        "name": "GT-2003"
    }
]